{
  "annotations": {
    "list": [
      {
        "builtIn": 1,
        "datasource": "Amazon Timestream",
        "enable": true,
        "hide": true,
        "iconColor": "rgba(0, 211, 255, 1)",
        "name": "Annotations & Alerts",
        "type": "dashboard"
      }
    ]
  },
  "editable": true,
  "gnetId": null,
  "graphTooltip": 0,
  "id": 1,
  "iteration": 1609961543643,
  "links": [],
  "panels": [
    {
      "aliasColors": {},
      "bars": false,
      "dashLength": 10,
      "dashes": false,
      "datasource": null,
      "description": "",
      "fieldConfig": {
        "defaults": {
          "custom": {
            "align": null,
            "filterable": false
          },
          "mappings": [],
          "thresholds": {
            "mode": "absolute",
            "steps": [
              {
                "color": "green",
                "value": null
              },
              {
                "color": "red",
                "value": 80
              }
            ]
          }
        },
        "overrides": []
      },
      "fill": 1,
      "fillGradient": 0,
      "gridPos": {
        "h": 14,
        "w": 18,
        "x": 0,
        "y": 0
      },
      "hiddenSeries": false,
      "id": 2,
      "legend": {
        "alignAsTable": false,
        "avg": false,
        "current": false,
        "hideEmpty": false,
        "hideZero": false,
        "max": false,
        "min": false,
        "rightSide": true,
        "show": true,
        "total": false,
        "values": false
      },
      "lines": true,
      "linewidth": 2,
      "nullPointMode": "null as zero",
      "options": {
        "alertThreshold": true
      },
      "percentage": false,
      "pluginVersion": "7.3.6",
      "pointradius": 2,
      "points": false,
      "renderer": "flot",
      "seriesOverrides": [],
      "spaceLength": 10,
      "stack": false,
      "steppedLine": false,
      "targets": [
        {
          "queryType": "raw",
          "rawQuery": "SELECT BIN(time, 1s) AS time_bin, count(event_type) as \"_email.delivered\"\nFROM \"PinpointEvents\".\"PinpointEvents\"\nWHERE $__timeFilter\nAND event_type = '_email.delivered'\nGROUP BY BIN(time, 1s)\nORDER BY time_bin asc",
          "refId": "A"
        },
        {
          "queryType": "raw",
          "rawQuery": "SELECT BIN(time, 1s) AS time_bin, count(event_type) as \"_email.send\"\nFROM \"PinpointEvents\".\"PinpointEvents\"\nWHERE event_type = '_email.send'\nGROUP BY BIN(time, 1s)\nORDER BY time_bin asc",
          "refId": "B"
        },
        {
          "queryType": "raw",
          "rawQuery": "SELECT BIN(time, 1s) AS time_bin, count(event_type) as \"_email.complaint\"\nFROM \"PinpointEvents\".\"PinpointEvents\"\nWHERE event_type = '_email.complaint'\nGROUP BY BIN(time, 1s)\nORDER BY time_bin asc",
          "refId": "C"
        },
        {
          "queryType": "raw",
          "rawQuery": "SELECT BIN(time, 1s) AS time_bin, count(event_type) as \"_email.hardbounce\"\nFROM \"PinpointEvents\".\"PinpointEvents\"\nWHERE event_type = '_email.hardbounce'\nGROUP BY BIN(time, 1s)\nORDER BY time_bin asc",
          "refId": "D"
        },
        {
          "queryType": "raw",
          "rawQuery": "SELECT BIN(time, 1s) AS time_bin, count(event_type) as \"_email.softbounce\"\nFROM \"PinpointEvents\".\"PinpointEvents\"\nWHERE $__timeFilter\nAND event_type = '_email.softbounce'\nGROUP BY BIN(time, 1s)\nORDER BY time_bin asc",
          "refId": "E"
        }
      ],
      "thresholds": [],
      "timeFrom": null,
      "timeRegions": [],
      "timeShift": null,
      "title": "Email Statistics",
      "tooltip": {
        "shared": true,
        "sort": 0,
        "value_type": "individual"
      },
      "type": "graph",
      "xaxis": {
        "buckets": null,
        "mode": "time",
        "name": null,
        "show": true,
        "values": []
      },
      "yaxes": [
        {
          "decimals": null,
          "format": "none",
          "label": "",
          "logBase": 1,
          "max": null,
          "min": null,
          "show": true
        },
        {
          "format": "Misc",
          "label": null,
          "logBase": 1,
          "max": null,
          "min": null,
          "show": true
        }
      ],
      "yaxis": {
        "align": false,
        "alignLevel": null
      }
    },
    {
      "dashboardFilter": "",
      "dashboardTags": [],
      "datasource": null,
      "fieldConfig": {
        "defaults": {
          "custom": {}
        },
        "overrides": []
      },
      "folderId": null,
      "gridPos": {
        "h": 14,
        "w": 6,
        "x": 18,
        "y": 0
      },
      "id": 7,
      "limit": 10,
      "nameFilter": "",
      "onlyAlertsOnDashboard": false,
      "pluginVersion": "7.3.2",
      "show": "current",
      "sortOrder": 1,
      "stateFilter": [],
      "timeFrom": null,
      "timeShift": null,
      "title": "Alert Status",
      "type": "alertlist"
    },
    {
      "alert": {
        "alertRuleTags": {},
        "conditions": [
          {
            "evaluator": {
              "params": [
                25
              ],
              "type": "gt"
            },
            "operator": {
              "type": "and"
            },
            "query": {
              "params": [
                "A",
                "5m",
                "now"
              ]
            },
            "reducer": {
              "params": [],
              "type": "avg"
            },
            "type": "query"
          }
        ],
        "executionErrorState": "alerting",
        "for": "5m",
        "frequency": "1m",
        "handler": 1,
        "name": "Complaints alert",
        "noDataState": "ok",
        "notifications": []
      },
      "aliasColors": {},
      "bars": false,
      "dashLength": 10,
      "dashes": false,
      "datasource": null,
      "description": "",
      "fieldConfig": {
        "defaults": {
          "custom": {}
        },
        "overrides": []
      },
      "fill": 1,
      "fillGradient": 0,
      "gridPos": {
        "h": 8,
        "w": 12,
        "x": 0,
        "y": 14
      },
      "hiddenSeries": false,
      "id": 4,
      "legend": {
        "avg": false,
        "current": false,
        "max": false,
        "min": false,
        "show": true,
        "total": false,
        "values": false
      },
      "lines": true,
      "linewidth": 1,
      "nullPointMode": "null",
      "options": {
        "alertThreshold": true
      },
      "percentage": false,
      "pluginVersion": "7.3.6",
      "pointradius": 2,
      "points": false,
      "renderer": "flot",
      "seriesOverrides": [],
      "spaceLength": 10,
      "stack": false,
      "steppedLine": false,
      "targets": [
        {
          "queryType": "raw",
          "rawQuery": "SELECT BIN(time, 1s) AS time_bin, count(event_type) as \"_email.complaint\"\nFROM \"PinpointEvents\".\"PinpointEvents\"\nWHERE event_type = '_email.complaint'\nGROUP BY BIN(time, 1s)\nORDER BY time_bin asc",
          "refId": "A"
        }
      ],
      "thresholds": [
        {
          "colorMode": "critical",
          "fill": true,
          "line": true,
          "op": "gt",
          "value": 25
        }
      ],
      "timeFrom": null,
      "timeRegions": [],
      "timeShift": null,
      "title": "Complaints",
      "tooltip": {
        "shared": true,
        "sort": 0,
        "value_type": "individual"
      },
      "type": "graph",
      "xaxis": {
        "buckets": null,
        "mode": "time",
        "name": null,
        "show": true,
        "values": []
      },
      "yaxes": [
        {
          "format": "short",
          "label": null,
          "logBase": 1,
          "max": null,
          "min": null,
          "show": true
        },
        {
          "format": "short",
          "label": null,
          "logBase": 1,
          "max": null,
          "min": null,
          "show": true
        }
      ],
      "yaxis": {
        "align": false,
        "alignLevel": null
      }
    },
    {
      "alert": {
        "alertRuleTags": {},
        "conditions": [
          {
            "evaluator": {
              "params": [
                55
              ],
              "type": "gt"
            },
            "operator": {
              "type": "and"
            },
            "query": {
              "params": [
                "A",
                "5m",
                "now"
              ]
            },
            "reducer": {
              "params": [],
              "type": "avg"
            },
            "type": "query"
          }
        ],
        "executionErrorState": "alerting",
        "for": "5m",
        "frequency": "1m",
        "handler": 1,
        "name": "Bounces alert",
        "noDataState": "no_data",
        "notifications": []
      },
      "aliasColors": {},
      "bars": false,
      "dashLength": 10,
      "dashes": false,
      "datasource": null,
      "description": "",
      "fieldConfig": {
        "defaults": {
          "custom": {}
        },
        "overrides": []
      },
      "fill": 1,
      "fillGradient": 0,
      "gridPos": {
        "h": 8,
        "w": 12,
        "x": 12,
        "y": 14
      },
      "hiddenSeries": false,
      "id": 5,
      "legend": {
        "avg": false,
        "current": false,
        "max": false,
        "min": false,
        "show": true,
        "total": false,
        "values": false
      },
      "lines": true,
      "linewidth": 1,
      "nullPointMode": "null",
      "options": {
        "alertThreshold": true
      },
      "percentage": false,
      "pluginVersion": "7.3.6",
      "pointradius": 2,
      "points": false,
      "renderer": "flot",
      "seriesOverrides": [],
      "spaceLength": 10,
      "stack": false,
      "steppedLine": false,
      "targets": [
        {
          "queryType": "raw",
          "rawQuery": "SELECT BIN(time, 1s) AS time_bin, count(event_type) as \"_email.hardbounce\"\nFROM \"PinpointEvents\".\"PinpointEvents\"\nWHERE event_type = '_email.hardbounce'\nGROUP BY BIN(time, 1s)\nORDER BY time_bin asc",
          "refId": "A"
        },
        {
          "queryType": "raw",
          "rawQuery": "SELECT BIN(time, 1s) AS time_bin, count(event_type) as \"_email.softbounce\"\nFROM \"PinpointEvents\".\"PinpointEvents\"\nWHERE event_type = '_email.softbounce'\nGROUP BY BIN(time, 1s)\nORDER BY time_bin asc",
          "refId": "B"
        }
      ],
      "thresholds": [
        {
          "colorMode": "critical",
          "fill": true,
          "line": true,
          "op": "gt",
          "value": 55
        }
      ],
      "timeFrom": null,
      "timeRegions": [],
      "timeShift": null,
      "title": "Bounces",
      "tooltip": {
        "shared": true,
        "sort": 0,
        "value_type": "individual"
      },
      "type": "graph",
      "xaxis": {
        "buckets": null,
        "mode": "time",
        "name": null,
        "show": true,
        "values": []
      },
      "yaxes": [
        {
          "format": "short",
          "label": null,
          "logBase": 1,
          "max": null,
          "min": null,
          "show": true
        },
        {
          "format": "short",
          "label": null,
          "logBase": 1,
          "max": null,
          "min": null,
          "show": true
        }
      ],
      "yaxis": {
        "align": false,
        "alignLevel": null
      }
    },
    {
      "aliasColors": {},
      "bars": false,
      "dashLength": 10,
      "dashes": false,
      "datasource": null,
      "description": "",
      "fieldConfig": {
        "defaults": {
          "custom": {}
        },
        "overrides": []
      },
      "fill": 1,
      "fillGradient": 0,
      "gridPos": {
        "h": 12,
        "w": 24,
        "x": 0,
        "y": 22
      },
      "hiddenSeries": false,
      "id": 9,
      "legend": {
        "avg": false,
        "current": false,
        "max": false,
        "min": false,
        "show": true,
        "total": false,
        "values": false
      },
      "lines": true,
      "linewidth": 1,
      "nullPointMode": "null",
      "options": {
        "alertThreshold": true
      },
      "percentage": false,
      "pluginVersion": "7.3.6",
      "pointradius": 2,
      "points": false,
      "renderer": "flot",
      "seriesOverrides": [],
      "spaceLength": 10,
      "stack": false,
      "steppedLine": false,
      "targets": [
        {
          "hide": false,
          "queryType": "raw",
          "rawQuery": "SELECT BIN(time, 1s) AS time_bin, count(measure_value::double) as \"cost\"\nFROM \"PinpointEvents\".\"PinpointEvents\"\nWHERE event_type = '_sms.buffered' AND iso_country_code IN (${SMS_COUNTRY_CODE:sqlstring})\nGROUP BY BIN(time, 1s)\nORDER BY time_bin asc\n",
          "refId": "A"
        }
      ],
      "thresholds": [],
      "timeFrom": null,
      "timeRegions": [],
      "timeShift": null,
      "title": "SMS Costs",
      "tooltip": {
        "shared": true,
        "sort": 0,
        "value_type": "individual"
      },
      "type": "graph",
      "xaxis": {
        "buckets": null,
        "mode": "time",
        "name": null,
        "show": true,
        "values": []
      },
      "yaxes": [
        {
          "format": "short",
          "label": null,
          "logBase": 1,
          "max": null,
          "min": null,
          "show": true
        },
        {
          "format": "short",
          "label": null,
          "logBase": 1,
          "max": null,
          "min": null,
          "show": true
        }
      ],
      "yaxis": {
        "align": false,
        "alignLevel": null
      }
    }
  ],
  "refresh": false,
  "schemaVersion": 26,
  "style": "dark",
  "tags": [],
  "templating": {
    "list": [
      {
        "allValue": null,
        "current": {
          "selected": true,
          "tags": [],
          "text": [
            "All"
          ],
          "value": [
            "$__all"
          ]
        },
        "error": null,
        "hide": 1,
        "includeAll": true,
        "label": "SMS Country Code",
        "multi": true,
        "name": "SMS_COUNTRY_CODE",
        "options": [
          {
            "selected": true,
            "text": "All",
            "value": "$__all"
          },
          {
            "selected": false,
            "text": "'US'",
            "value": "'US'"
          },
          {
            "selected": false,
            "text": "'BR'",
            "value": "'BR'"
          },
          {
            "selected": false,
            "text": "'UK'",
            "value": "'UK'"
          },
          {
            "selected": false,
            "text": "'JP'",
            "value": "'JP'"
          },
          {
            "selected": false,
            "text": "'FR'",
            "value": "'FR'"
          },
          {
            "selected": false,
            "text": "'ZA'",
            "value": "'ZA'"
          }
        ],
        "query": "'US','BR','UK','JP','FR','ZA'",
        "queryValue": "",
        "skipUrlSync": false,
        "type": "custom"
      }
    ]
  },
  "time": {
    "from": "2021-01-05T20:00:33.224Z",
    "to": "2021-01-05T20:03:25.054Z"
  },
  "timepicker": {},
  "timezone": "",
  "title": "Pinpoint Events",
  "uid": "r__XJzoMz",
  "version": 13
}